county_fips,state,county,AVLN_risk_score,CFLD_risk_score,CWAV_risk_score,DRGT_risk_score,ERQK_risk_score,HAIL_risk_score,HWAV_risk_score,HRCN_risk_score,ISTM_risk_score,LNDS_risk_score,LTNG_risk_score,IFLD_risk_score,SWND_risk_score,TRND_risk_score,TSUN_risk_score,VLCN_risk_score,WFIR_risk_score,WNTW_risk_score
01001,Alabama,Autauga,,,25.512230506700917,0.000000000000000,32.908803348673494,49.671197364822277,69.697078030411362,58.263742443413470,28.304525779570682,77.766282568109119,75.751846170311438,30.111899920326309,53.173272448360741,57.914451856872752,,,57.242576671066558,18.941334890427449
01003,Alabama,Baldwin,,80.959401534387197,65.795012664549972,92.441701449585580,49.501147539034164,58.399628982198280,72.897897897897906,98.795163784619717,27.251847707664673,90.250080268274417,97.319634214500610,84.190122840188835,76.699606388165492,78.840093705778131,,,93.261032428382862,50.190068758416054
01005,Alabama,Barbour,,,25.118618672184368,96.704838690497425,61.778031465163572,67.837988893249147,73.711807045140375,81.598481653310841,42.797620800329788,91.289405776937443,88.706551080351517,69.892856718157276,63.763928032059745,89.490207270521921,,,83.297063964896012,31.369090887424477
01007,Alabama,Bibb,,,58.808699891786475,0.000000000000000,53.563316804014605,38.692875744711216,66.011249344582680,48.689723042316885,35.511321810311827,94.345546002639935,78.434590275052614,48.924405122899643,44.886019050337126,88.130997823837902,,,77.204999227046244,24.370508955277238
01009,Alabama,Blount,,,45.531732724483611,0.000000000000000,49.302557882344551,35.048101506665240,35.231660231660236,48.916069169126949,26.649686404993965,93.187304531887321,68.545538867682211,29.079709369388652,69.914261591333400,79.268191169300650,,,83.410034128881122,24.646972603882407
01011,Alabama,Bullock,,,32.672160584115204,99.197317255895257,37.149346556788316,71.845456815668356,54.920396587063259,84.971179530437226,17.533347074585553,83.742998822731977,64.442938175591308,20.429762286991782,84.527844172523288,70.562353584721677,,,80.072063073026285,21.247184718233491
01013,Alabama,Butler,,,58.369899991675879,80.988905140737046,62.081267168492026,52.459776675823200,67.244625577958914,91.466329256291303,10.158711463148906,72.381767804692416,98.803705421378709,35.651005434459464,94.540568180466863,86.306826965383564,,,72.349660494928230,26.752624617181265
